indice,COVID_ID,categoria,min_coord,max_coord,media_coord,desviacion_std,coordenadas_fuera_rango
0,COVID-269,COVID,42.05,275.64,146.07433333333336,69.48285777481777,0
1,COVID-2848,COVID,32.7,280.31,138.28699999999998,75.2310749247499,0
2,COVID-369,COVID,4.67,294.33,147.78733333333335,98.59383678957265,0
3,COVID-1387,COVID,18.69,270.97,132.21433333333331,72.86818444668123,0
4,COVID-3333,COVID,9.34,247.61,137.66433333333333,75.29155945094746,0
5,COVID-1405,COVID,18.69,280.31,141.40266666666668,83.52008760106092,0
6,COVID-1139,COVID,23.36,280.31,148.09766666666667,89.30616905467518,0
7,COVID-1476,COVID,4.67,266.3,144.67333333333332,82.99071668298544,0
8,COVID-3519,COVID,37.38,252.28,146.22899999999998,69.24317768319611,0
9,COVID-2474,COVID,42.05,247.61,137.977,65.36955989602501,0
10,COVID-3512,COVID,42.05,256.95,139.53333333333333,69.2816104669117,0
11,COVID-3039,COVID,42.05,256.95,139.84499999999997,63.15323041354787,0
12,COVID-80,COVID,4.67,266.3,132.3696666666667,78.35533602264891,0
13,COVID-855,COVID,14.02,252.28,122.09166666666668,68.65865121907233,0
14,COVID-1422,COVID,28.03,294.33,160.401,84.49405921325673,0
15,COVID-1697,COVID,28.03,280.31,144.982,77.19642860478284,0
16,COVID-3380,COVID,23.36,266.3,131.12333333333333,69.06313108711157,0
17,COVID-3363,COVID,23.36,294.33,150.9026666666667,85.485650216214,0
18,COVID-3031,COVID,37.38,238.27,138.44366666666664,61.67854351303125,0
19,COVID-2169,COVID,18.69,284.98,139.22133333333335,77.44930530066462,0
20,COVID-103,COVID,14.02,261.62,138.59966666666668,80.1620947199416,0
21,COVID-162,COVID,60.73,294.33,177.064,72.64116572118962,0
22,COVID-1502,COVID,46.72,289.66,142.804,69.62688516179172,0
23,COVID-1560,COVID,28.03,284.98,158.37600000000003,80.09107480862022,0
24,COVID-3329,COVID,32.7,266.3,138.13199999999998,69.6693602381994,0
25,COVID-3602,COVID,28.03,294.33,147.47533333333334,80.75433861340757,0
26,COVID-3296,COVID,37.38,280.31,147.47566666666668,69.15453181984694,0
27,COVID-1051,COVID,18.69,252.28,121.78066666666669,70.91249569872873,0
28,COVID-2834,COVID,18.69,270.97,142.33766666666665,72.44348848968798,0
29,COVID-2459,COVID,32.7,242.94,129.87833333333333,63.0429791006809,0
30,COVID-352,COVID,14.02,280.31,145.296,76.07445386374236,0
31,COVID-1238,COVID,4.67,252.28,136.72966666666667,78.16632904617919,0
32,COVID-231,COVID,18.69,252.28,134.705,69.21148867781994,0
33,COVID-1803,COVID,32.7,289.66,161.802,73.00161045712166,0
34,COVID-1248,COVID,9.34,224.25,125.361,65.0065242546213,0
35,COVID-1907,COVID,4.67,214.91,110.72200000000001,67.89558043545004,0
36,COVID-1823,COVID,18.69,270.97,134.39533333333333,72.65356911321624,0
37,COVID-2725,COVID,32.7,261.62,145.45166666666665,74.94038608935921,0
38,COVID-726,COVID,51.39,261.62,144.672,63.937922257973526,0
39,COVID-989,COVID,51.39,294.33,159.62300000000002,69.76637758261496,0
40,COVID-3130,COVID,42.05,266.3,147.78733333333335,69.68702839282373,0
41,COVID-2948,COVID,37.38,284.98,147.47600000000003,71.77654341078288,0
42,COVID-443,COVID,28.03,261.62,142.33833333333334,72.73451936475706,0
43,COVID-1505,COVID,46.72,261.62,152.92566666666667,70.89253146762985,0
44,COVID-1550,COVID,18.69,280.31,142.1816666666667,82.04031159876358,0
45,COVID-2112,COVID,18.69,266.3,151.525,72.87391676724944,0
46,COVID-3386,COVID,32.7,270.97,155.10533333333333,75.09330257456757,0
47,COVID-2358,COVID,42.05,275.64,163.20466666666667,70.05645122486739,0
48,COVID-3316,COVID,14.02,275.64,144.517,80.81050476887272,0
49,COVID-2174,COVID,28.03,270.97,131.43533333333335,72.17261155190535,0
50,COVID-3263,COVID,9.34,256.95,135.48366666666666,80.10556591079605,0
51,COVID-2400,COVID,46.72,256.95,143.89399999999998,63.26212145246686,0
52,COVID-1104,COVID,32.7,247.61,138.59966666666665,69.18263551322366,0
53,COVID-100,COVID,46.72,261.62,153.5483333333333,71.05453347410159,0
54,COVID-1818,COVID,32.7,266.3,147.63099999999997,77.68659478314132,0
55,COVID-2504,COVID,23.36,242.94,137.0426666666667,71.3872345700235,0
56,COVID-720,COVID,0.0,280.31,127.23066666666665,85.38813398957856,0
57,COVID-881,COVID,4.67,252.28,131.28000000000003,70.71171468245791,0
58,COVID-3413,COVID,23.36,247.61,135.3286666666667,74.80362922271144,0
59,COVID-421,COVID,9.34,294.33,155.26233333333337,80.79127278294908,0
60,COVID-2657,COVID,18.69,256.95,141.871,75.8168754016325,0
61,COVID-1733,COVID,42.05,247.61,137.97633333333334,63.414911205663785,0
62,COVID-1143,COVID,28.03,247.61,136.107,71.55646861744926,0
63,COVID-1653,COVID,28.03,270.97,149.18833333333333,73.16596636339119,0
64,COVID-1671,COVID,28.03,247.61,146.853,69.84722338313338,0
65,COVID-3321,COVID,37.38,252.28,148.0993333333333,70.36944061799049,0
66,COVID-2023,COVID,60.73,280.31,162.58100000000005,65.99774896918834,0
67,COVID-969,COVID,28.03,280.31,145.7616666666667,74.69477652791764,0
68,COVID-2527,COVID,46.72,242.94,135.32899999999998,61.85616489620632,0
69,COVID-94,COVID,32.7,284.98,160.71200000000002,80.57329414473094,0
70,COVID-2457,COVID,9.34,247.61,119.91199999999999,75.59629181381848,0
71,COVID-3095,COVID,32.7,280.31,142.49200000000002,74.1415323733376,0
72,COVID-1031,COVID,37.38,266.3,144.98466666666664,66.85244417039333,0
73,COVID-2638,COVID,51.39,252.28,145.9176666666667,64.54108793026519,0
74,COVID-1066,COVID,4.67,284.98,146.38533333333334,96.90976327606121,0
75,COVID-2496,COVID,4.67,228.92,115.08333333333334,64.75234854599655,0
76,COVID-2576,COVID,23.36,270.97,144.36066666666665,75.23834877389471,0
77,COVID-1814,COVID,9.34,266.3,133.4606666666667,75.65661010704146,0
78,COVID-1453,COVID,14.02,280.31,149.96733333333336,87.62115452078656,0
79,COVID-2046,COVID,23.36,252.28,137.9756666666667,75.0190007346287,0
80,Normal-1837,Normal,23.36,280.31,152.303,78.61572811891185,0
81,Normal-2258,Normal,32.7,275.64,140.9343333333333,75.62152412654892,0
82,Normal-7660,Normal,28.03,261.62,144.98300000000003,78.01198754678668,0
83,Normal-1168,Normal,28.03,261.62,142.95933333333332,75.11510735457209,0
84,Normal-10078,Normal,0.0,261.62,131.59066666666666,74.85689596081906,0
85,Normal-395,Normal,28.03,294.33,161.64633333333333,84.47051207308316,0
86,Normal-7574,Normal,18.69,270.97,145.13966666666664,75.76425496161688,0
87,Normal-7461,Normal,18.69,252.28,140.62300000000002,73.67420046619667,0
88,Normal-8726,Normal,18.69,242.94,129.1,71.32860992149878,0
89,Normal-1821,Normal,18.69,261.62,139.99966666666666,75.1511832900114,0
90,Normal-30,Normal,28.03,252.28,143.4266666666667,74.22486476167464,0
91,Normal-5711,Normal,14.02,242.94,128.321,72.78366865123888,0
92,Normal-7712,Normal,28.03,280.31,137.35366666666667,75.9724758704683,0
93,Normal-3507,Normal,23.36,270.97,129.25566666666666,73.81230483161704,0
94,Normal-4105,Normal,32.7,247.61,135.48466666666667,70.00652596881395,0
95,Normal-3168,Normal,4.67,284.98,138.91066666666669,87.48555518611185,0
96,Normal-8339,Normal,18.69,280.31,147.94266666666667,83.03419187031061,0
97,Normal-1950,Normal,9.34,261.62,127.22933333333332,73.64769346618324,0
98,Normal-3670,Normal,18.69,256.95,136.886,71.56829701294654,0
99,Normal-1298,Normal,28.03,275.64,152.14700000000002,82.23589974984567,0
100,Normal-8520,Normal,23.36,294.33,154.32766666666663,87.49854077576887,0
101,Normal-7635,Normal,32.7,270.97,145.29466666666667,74.77267806417589,0
102,Normal-7874,Normal,46.72,238.27,138.444,56.995926439234815,0
103,Normal-2520,Normal,46.72,261.62,150.59,69.81398293560777,0
104,Normal-3583,Normal,23.36,270.97,138.13133333333332,72.65391206412922,0
105,Normal-10130,Normal,32.7,256.95,142.95899999999997,68.90115356315403,0
106,Normal-5015,Normal,18.69,280.31,149.34466666666668,84.7698017273185,0
107,Normal-9417,Normal,4.67,275.64,137.35366666666667,86.22587103970336,0
108,Normal-4185,Normal,37.38,284.98,146.38633333333334,73.25854669062322,0
109,Normal-4544,Normal,28.03,252.28,134.862,67.88124008884928,0
110,Normal-4235,Normal,32.7,247.61,132.21433333333331,70.7110217567876,0
111,Normal-4484,Normal,14.02,261.62,127.07499999999999,75.9690288099916,0
112,Normal-836,Normal,32.7,261.62,150.59033333333335,67.97719673946223,0
113,Normal-8814,Normal,14.02,261.62,128.78833333333333,72.06039536774382,0
114,Normal-7293,Normal,28.03,280.31,153.23700000000002,75.32593263721776,0
115,Normal-8608,Normal,37.38,270.97,137.50866666666667,69.1233793894817,0
116,Normal-6393,Normal,4.67,252.28,135.95133333333334,76.751883048923,0
117,Normal-6322,Normal,32.7,252.28,146.853,67.083270947383,0
118,Normal-4857,Normal,23.36,270.97,143.73766666666668,73.48052230277688,0
119,Normal-805,Normal,23.36,280.31,147.16433333333333,76.99089853930066,0
120,Normal-7573,Normal,28.03,242.94,120.84599999999999,62.39779881801387,0
121,Normal-2073,Normal,32.7,261.62,141.24566666666664,70.41657805201524,0
122,Normal-2112,Normal,28.03,256.95,140.77933333333334,73.35087429305499,0
123,Normal-2677,Normal,23.36,270.97,142.95899999999997,71.0533446714509,0
124,Normal-1035,Normal,23.36,284.98,156.04000000000002,80.27402170067226,0
125,Normal-8352,Normal,37.38,247.61,135.79566666666668,66.22321071866638,0
126,Normal-3800,Normal,14.02,270.97,138.75566666666666,83.19896808988813,0
127,Normal-2742,Normal,32.7,275.64,138.44266666666667,74.96757925633958,0
128,Normal-5766,Normal,4.67,270.97,137.50933333333333,85.43007783887099,0
129,Normal-8218,Normal,32.7,261.62,136.10666666666668,71.12637758868989,0
130,Normal-8907,Normal,28.03,294.33,160.08899999999997,82.50393640507909,0
131,Normal-2227,Normal,23.36,233.59,129.878,67.83427375597088,0
132,Normal-8559,Normal,9.34,261.62,130.03266666666664,72.94734109540175,0
133,Normal-7545,Normal,9.34,280.31,155.73066666666668,80.31666987341765,0
134,Normal-4178,Normal,37.38,228.92,132.21366666666668,64.52307145423944,0
135,Normal-8732,Normal,18.69,270.97,143.89433333333332,75.42195457041818,0
136,Normal-4596,Normal,28.03,247.61,133.46033333333332,69.50142015255676,0
137,Normal-5020,Normal,18.69,252.28,137.66400000000002,76.54521211240672,0
138,Normal-4846,Normal,9.34,242.94,130.18966666666665,71.84878627985923,0
139,Normal-1433,Normal,28.03,284.98,156.19700000000006,83.79549367955296,0
140,Normal-6151,Normal,0.0,266.3,124.89466666666665,72.9265418867202,0
141,Normal-10169,Normal,23.36,270.97,150.12300000000002,79.21558525736376,0
142,Normal-9308,Normal,37.38,261.62,141.86933333333334,72.6202737502108,0
143,Normal-4488,Normal,42.05,280.31,151.99266666666668,77.11359019582015,0
144,Normal-10179,Normal,28.03,284.98,136.262,76.50084820444805,0
145,Normal-6411,Normal,32.7,294.33,169.90033333333335,82.88670566837335,0
146,Normal-7718,Normal,4.67,275.64,131.90333333333334,81.48150695437312,0
147,Normal-9992,Normal,23.36,280.31,141.869,75.4994277395531,0
148,Normal-8879,Normal,32.7,270.97,143.42633333333333,76.1684595915892,0
149,Normal-4554,Normal,37.38,294.33,165.53900000000002,85.32796596466288,0
150,Normal-2012,Normal,32.7,275.64,148.09933333333336,73.97860591339153,0
151,Normal-8543,Normal,65.41,289.66,166.1636666666667,67.67698104394302,0
152,Normal-5241,Normal,23.36,256.95,142.4923333333334,76.67922129161778,0
153,Normal-5497,Normal,28.03,252.28,132.83633333333333,65.28113686118593,0
154,Normal-2575,Normal,37.38,252.28,144.82966666666667,71.21111619606091,0
155,Normal-8035,Normal,9.34,252.28,127.853,74.26692382436028,0
156,Normal-6262,Normal,23.36,275.64,140.93400000000003,77.82117345127438,0
157,Normal-7848,Normal,9.34,238.27,121.77966666666667,68.21597918783807,0
158,Normal-3343,Normal,28.03,261.62,136.41799999999998,68.4009143408673,0
159,Normal-2306,Normal,32.7,238.27,141.0896666666667,68.69841985001466,0
160,Normal-5201,Normal,14.02,270.97,139.68966666666665,84.5541001364741,0
161,Normal-6797,Normal,37.38,266.3,151.68033333333335,75.73233679582029,0
162,Normal-2525,Normal,23.36,252.28,144.98466666666667,74.62740290864267,0
163,Normal-5932,Normal,18.69,256.95,134.86233333333334,73.68805605086591,0
164,Normal-6820,Normal,56.06,247.61,141.5573333333333,60.20760206337919,0
165,Normal-6404,Normal,37.38,270.97,154.1726666666667,80.05072737264096,0
166,Normal-2748,Normal,37.38,256.95,144.2073333333333,73.86569410912094,0
167,Normal-3816,Normal,4.67,233.59,128.47566666666668,71.52503741969583,0
168,Normal-9941,Normal,32.7,275.64,138.75399999999996,74.37101503498074,0
169,Normal-5691,Normal,18.69,252.28,138.28900000000002,72.51189104094124,0
170,Viral Pneumonia-449,Viral Pneumonia,28.03,261.62,149.34433333333334,75.97944799673718,0
171,Viral Pneumonia-1345,Viral Pneumonia,23.36,261.62,143.895,77.21340759004661,0
172,Viral Pneumonia-549,Viral Pneumonia,23.36,280.31,150.74533333333335,83.54501887139784,0
173,Viral Pneumonia-370,Viral Pneumonia,23.36,280.31,146.075,83.3106318445211,0
174,Viral Pneumonia-909,Viral Pneumonia,32.7,261.62,153.23666666666665,69.80094494744004,0
175,Viral Pneumonia-761,Viral Pneumonia,14.02,261.62,140.46733333333336,76.7931956158154,0
176,Viral Pneumonia-840,Viral Pneumonia,37.38,252.28,148.56566666666666,68.71976628226328,0
177,Viral Pneumonia-747,Viral Pneumonia,14.02,289.66,151.3696666666667,86.68834571741593,0
178,Viral Pneumonia-250,Viral Pneumonia,37.38,252.28,145.60733333333332,71.91243420222186,0
179,Viral Pneumonia-588,Viral Pneumonia,37.38,270.97,153.86133333333333,80.33125779061487,0
180,Viral Pneumonia-1322,Viral Pneumonia,18.69,261.62,144.051,77.95123485658625,0
181,Viral Pneumonia-425,Viral Pneumonia,32.7,270.97,152.45866666666663,79.389767591436,0
182,Viral Pneumonia-767,Viral Pneumonia,42.05,242.94,139.84466666666668,63.47386258575695,0
183,Viral Pneumonia-1329,Viral Pneumonia,28.03,256.95,145.29566666666668,72.07776456408423,0
184,Viral Pneumonia-199,Viral Pneumonia,32.7,266.3,148.40966666666662,79.63765221231029,0
185,Viral Pneumonia-1057,Viral Pneumonia,32.7,266.3,148.41,77.9306300500644,0
186,Viral Pneumonia-506,Viral Pneumonia,32.7,252.28,141.869,71.39922074037877,0
187,Viral Pneumonia-207,Viral Pneumonia,28.03,261.62,136.57466666666667,71.81849593400173,0
188,Viral Pneumonia-1022,Viral Pneumonia,28.03,261.62,142.18033333333335,79.06078355642295,0
189,Viral Pneumonia-28,Viral Pneumonia,9.34,261.62,138.44366666666667,81.5230819863648,0
190,Viral Pneumonia-1104,Viral Pneumonia,28.03,294.33,152.45833333333337,86.88943380654648,0
191,Viral Pneumonia-542,Viral Pneumonia,18.69,275.64,149.03366666666668,82.1879123100769,0
192,Viral Pneumonia-386,Viral Pneumonia,37.38,261.62,146.38466666666667,67.29527718611133,0
193,Viral Pneumonia-14,Viral Pneumonia,42.05,266.3,152.92499999999998,75.58992352379603,0
194,Viral Pneumonia-80,Viral Pneumonia,18.69,280.31,153.23700000000002,85.14442624740623,0
195,Viral Pneumonia-1038,Viral Pneumonia,14.02,261.62,145.44966666666667,79.01430657306449,0
196,Viral Pneumonia-306,Viral Pneumonia,14.02,266.3,132.059,77.15267493094456,0
197,Viral Pneumonia-285,Viral Pneumonia,18.69,252.28,140.93566666666666,77.63404260517561,0
198,Viral Pneumonia-508,Viral Pneumonia,9.34,233.59,125.51733333333335,68.54300586412073,0
199,Viral Pneumonia-741,Viral Pneumonia,18.69,261.62,144.04933333333335,79.7507892514063,0
200,Normal-625,Normal,28.03,270.97,141.869,69.83345723218922,0
201,Viral Pneumonia-1321,Viral Pneumonia,32.7,266.3,146.5413333333333,78.5328857542424,0
202,Viral Pneumonia-1043,Viral Pneumonia,28.03,261.62,138.44333333333333,77.38542336182499,0
203,Normal-9390,Normal,23.36,238.27,130.34533333333334,65.49890074056376,0
204,COVID-140,COVID,37.38,256.95,137.976,68.93325755637356,0
205,Normal-1533,Normal,51.39,242.94,140.31166666666664,62.26676658182562,0
206,COVID-1953,COVID,46.72,270.97,149.65599999999998,68.46577313276079,0
207,COVID-1970,COVID,28.03,252.28,147.32,73.32321169543334,0
208,COVID-1515,COVID,0.0,275.64,126.76333333333332,78.40571264618131,0
209,Normal-2255,Normal,23.36,284.98,149.03300000000002,83.28703473130338,0
210,Viral Pneumonia-40,Viral Pneumonia,37.38,256.95,146.22966666666667,69.30675688480085,0
211,COVID-738,COVID,4.67,280.31,128.47633333333334,84.17759569241424,0
212,Viral Pneumonia-1168,Viral Pneumonia,37.38,247.61,136.73066666666668,65.78261335303999,0
213,COVID-1843,COVID,9.34,294.33,151.36900000000003,93.09000932251897,0
214,Normal-1236,Normal,32.7,275.64,142.64833333333334,74.9028282102144,0
215,Normal-7279,Normal,32.7,261.62,148.09799999999998,72.1864517482332,0
216,COVID-3493,COVID,37.38,247.61,138.59933333333336,67.446690204602,0
217,COVID-2068,COVID,23.36,266.3,141.55800000000002,77.57961469355207,0
218,Normal-647,Normal,42.05,256.95,141.55800000000002,69.11671570129278,0
219,Normal-6194,Normal,18.69,238.27,130.814,69.7660524228415,0
220,Viral Pneumonia-1007,Viral Pneumonia,23.36,261.62,141.09033333333335,78.56011997119715,0
221,Normal-3541,Normal,32.7,266.3,136.57433333333333,71.21738615831266,0
222,Viral Pneumonia-700,Viral Pneumonia,32.7,256.95,149.49933333333328,74.19260281786109,0
223,Viral Pneumonia-217,Viral Pneumonia,23.36,275.64,148.41033333333334,85.98156474823865,0
224,Normal-3720,Normal,51.39,256.95,155.41666666666663,67.06409652132966,0
225,Viral Pneumonia-206,Viral Pneumonia,23.36,275.64,153.39333333333335,76.01445486806368,0
226,Viral Pneumonia-149,Viral Pneumonia,23.36,266.3,142.18033333333335,78.70177742522013,0
227,Viral Pneumonia-98,Viral Pneumonia,23.36,261.62,146.23033333333336,75.7270455642427,0
228,COVID-3387,COVID,42.05,242.94,142.18133333333333,64.72128597472567,0
229,Viral Pneumonia-1268,Viral Pneumonia,14.02,256.95,127.853,73.13068604218068,0
230,Normal-6587,Normal,23.36,219.58,118.35433333333332,62.26411324261262,0
231,Normal-6283,Normal,37.38,294.33,162.11499999999998,78.81597903767147,0
232,Viral Pneumonia-543,Viral Pneumonia,14.02,275.64,144.36166666666668,87.1890124990274,0
233,Normal-1088,Normal,23.36,266.3,141.55800000000002,70.23548800997969,0
234,Viral Pneumonia-1209,Viral Pneumonia,23.36,266.3,142.648,80.43030330250741,0
235,COVID-2078,COVID,23.36,266.3,157.287,74.3432296469109,0
236,Viral Pneumonia-968,Viral Pneumonia,18.69,256.95,146.07366666666667,73.64075730569014,0
237,Normal-8661,Normal,23.36,289.66,146.69666666666666,84.98493299141651,0
238,Normal-9200,Normal,37.38,275.64,154.01633333333334,75.50065569178118,0
239,Viral Pneumonia-891,Viral Pneumonia,32.7,284.98,151.99200000000002,80.18408056466072,0
240,COVID-3305,COVID,28.03,256.95,127.23166666666667,67.45109977276542,0
241,Viral Pneumonia-1260,Viral Pneumonia,18.69,275.64,146.38500000000002,85.40070997948438,0
242,Viral Pneumonia-1327,Viral Pneumonia,28.03,266.3,143.42666666666668,77.68164400651904,0
243,COVID-624,COVID,0.0,275.64,129.722,90.13005471354528,0
244,Normal-3333,Normal,23.36,266.3,145.60666666666668,84.1376144711085,0
245,Viral Pneumonia-1092,Viral Pneumonia,23.36,261.62,143.42733333333334,76.95690923858335,0
246,Normal-8460,Normal,28.03,261.62,134.70566666666667,71.29356584729243,0
247,Normal-7156,Normal,37.38,270.97,139.534,68.59489507730635,0
248,COVID-709,COVID,28.03,247.61,137.66400000000002,62.711125413810485,0
249,Viral Pneumonia-1248,Viral Pneumonia,18.69,294.33,156.81966666666668,89.84656882646598,0
250,Normal-7806,Normal,9.34,280.31,136.26333333333335,83.26845426423836,0
251,Viral Pneumonia-162,Viral Pneumonia,14.02,275.64,139.37766666666667,84.43964794192095,0
252,Normal-937,Normal,23.36,266.3,143.11533333333333,74.51146836710589,0
253,Normal-6922,Normal,42.05,266.3,134.3946666666667,70.38463164324692,0
254,COVID-106,COVID,18.69,256.95,138.44366666666667,79.3255355054236,0
255,Viral Pneumonia-856,Viral Pneumonia,0.0,284.98,128.00900000000001,91.87951437797946,0
256,COVID-2292,COVID,28.03,233.59,132.52533333333335,61.489498438531946,0
257,COVID-3090,COVID,28.03,275.64,137.66466666666665,73.86606377912811,0
258,COVID-3003,COVID,51.39,261.62,152.925,70.98542980781338,0
259,Viral Pneumonia-1249,Viral Pneumonia,32.7,247.61,137.19733333333335,68.72021051254784,0
260,Viral Pneumonia-890,Viral Pneumonia,28.03,266.3,142.49233333333333,69.82556263925761,0
261,COVID-824,COVID,51.39,256.95,155.26166666666666,63.11571775098673,0
262,Normal-4297,Normal,18.69,266.3,138.60000000000002,77.07181391403734,0
263,Viral Pneumonia-530,Viral Pneumonia,28.03,256.95,137.19733333333338,75.35576429768919,0
264,COVID-1943,COVID,32.7,242.94,148.09900000000002,62.06315699081595,0
265,COVID-1656,COVID,23.36,270.97,146.54166666666663,83.75927324116948,0
266,Normal-5596,Normal,32.7,252.28,142.33733333333333,71.8387514244382,0
267,Normal-8438,Normal,51.39,261.62,149.343,66.19529258942813,0
268,Normal-7608,Normal,9.34,247.61,132.36933333333334,74.79165902395503,0
269,Viral Pneumonia-804,Viral Pneumonia,32.7,270.97,148.2543333333333,77.97938807502632,0
270,Normal-3945,Normal,18.69,238.27,131.43533333333335,66.84358526856226,0
271,COVID-2251,COVID,9.34,270.97,148.09833333333333,84.59520030054242,0
272,Viral Pneumonia-819,Viral Pneumonia,28.03,266.3,135.17233333333337,74.56498305430566,0
273,Normal-1588,Normal,28.03,256.95,135.32866666666666,75.65427252677509,0
274,Normal-8981,Normal,14.02,275.64,132.3693333333333,81.45921699162648,0
275,COVID-192,COVID,23.36,261.62,132.52499999999998,73.74410714310218,0
276,Normal-5098,Normal,18.69,275.64,137.97566666666665,79.18160504744071,0
277,COVID-2025,COVID,51.39,256.95,142.02433333333335,64.3364774542578,0
278,Viral Pneumonia-1167,Viral Pneumonia,65.41,238.27,150.59000000000003,58.022624725188024,0
279,Normal-9207,Normal,51.39,252.28,150.4343333333333,68.80518099113047,0
280,Normal-10027,Normal,42.05,247.61,143.5836666666667,68.23628221033799,0
281,Viral Pneumonia-822,Viral Pneumonia,28.03,261.62,148.25366666666665,73.34438621932075,0
282,COVID-2259,COVID,32.7,228.92,124.583,61.11991154825624,0
283,Viral Pneumonia-793,Viral Pneumonia,28.03,266.3,138.9096666666667,74.00586127613286,0
284,Viral Pneumonia-94,Viral Pneumonia,28.03,261.62,138.13133333333334,73.8451468382016,0
285,Viral Pneumonia-101,Viral Pneumonia,28.03,261.62,143.73933333333332,74.43463637910035,0
286,COVID-670,COVID,23.36,289.66,134.54933333333332,79.91779684706586,0
287,Normal-6438,Normal,32.7,261.62,141.402,71.10686682264473,0
288,Viral Pneumonia-82,Viral Pneumonia,42.05,280.31,156.81966666666668,81.83712395090357,0
289,Viral Pneumonia-889,Viral Pneumonia,32.7,261.62,146.54,73.67594659498218,0
290,Viral Pneumonia-771,Viral Pneumonia,37.38,261.62,140.624,73.0390207400583,0
291,Normal-6859,Normal,23.36,266.3,132.8373333333333,74.51285114812225,0
292,Viral Pneumonia-934,Viral Pneumonia,32.7,238.27,134.70566666666664,62.22732425997084,0
293,Viral Pneumonia-400,Viral Pneumonia,23.36,256.95,136.57433333333333,73.31171032803847,0
294,COVID-3593,COVID,14.02,284.98,130.656,80.29965515077468,0
295,COVID-2933,COVID,32.7,270.97,137.66533333333334,72.3931947876011,0
296,COVID-2913,COVID,9.34,256.95,129.41,75.67914049899527,0
297,Normal-10144,Normal,28.03,289.66,157.753,78.74831507827115,0
298,Viral Pneumonia-847,Viral Pneumonia,37.38,242.94,134.70733333333337,65.68448081210322,0
299,Viral Pneumonia-1265,Viral Pneumonia,28.03,266.3,137.35266666666666,75.6167828784648,0
300,Normal-6955,Normal,32.7,275.64,141.7133333333333,71.38769993648921,0
301,Normal-3805,Normal,37.38,266.3,149.50066666666666,76.56664517196042,0
302,Normal-2430,Normal,32.7,252.28,133.45966666666666,66.58161655609018,0
303,Normal-2183,Normal,18.69,256.95,137.50833333333333,78.91272926819573,0
304,Normal-8144,Normal,56.06,242.94,134.70466666666667,52.192851089865634,0
305,Normal-7314,Normal,18.69,280.31,142.6473333333333,80.33113057560908,0
306,Normal-7327,Normal,18.69,270.97,139.53366666666668,75.20246890820067,0
307,Normal-9875,Normal,18.69,284.98,153.08066666666667,90.31430768648393,0
308,Normal-7595,Normal,0.0,256.95,132.05833333333334,81.0439632990775,0
309,Normal-9898,Normal,37.38,252.28,141.87033333333332,70.13437499939351,0
310,Normal-10115,Normal,32.7,294.33,149.96766666666664,85.08531387900553,0
311,Normal-2744,Normal,28.03,256.95,147.00833333333333,74.03286428262038,0
312,Normal-5861,Normal,42.05,280.31,144.8286666666667,70.76970833783493,0
313,Normal-8561,Normal,37.38,275.64,135.01666666666668,72.20787050053632,0
314,Normal-9419,Normal,28.03,247.61,123.33733333333336,62.232754287611456,0
315,Normal-3856,Normal,18.69,270.97,131.28033333333332,77.88028781334138,0
316,Normal-4874,Normal,28.03,270.97,152.45900000000003,82.11834408746117,0
317,Normal-9175,Normal,23.36,270.97,149.49933333333334,83.60795799178184,0
318,Normal-4005,Normal,37.38,242.94,142.64833333333334,66.00150862333038,0
319,Normal-1254,Normal,37.38,266.3,147.321,75.8185535934312,0
320,Normal-52,Normal,51.39,280.31,153.85966666666667,62.99166942188114,0
321,Normal-128,Normal,32.7,252.28,153.08166666666665,66.97451525684146,0
322,Normal-223,Normal,51.39,275.64,148.87633333333332,68.64874742646236,0
323,Normal-238,Normal,32.7,252.28,148.09799999999998,68.71728702444531,0
324,Normal-270,Normal,42.05,252.28,151.0573333333333,70.72209263180935,0
325,Normal-335,Normal,28.03,266.3,145.14066666666665,74.67065612556397,0
326,Normal-359,Normal,28.03,256.95,144.20533333333333,75.5988927050008,0
327,Normal-445,Normal,37.38,266.3,144.51666666666668,74.16272915390557,0
328,Normal-456,Normal,32.7,252.28,144.20466666666664,66.19952163640527,0
329,Normal-551,Normal,18.69,289.66,143.27033333333333,81.3877852212617,0
330,Normal-706,Normal,9.34,280.31,147.7866666666667,87.91313498119733,0
331,Normal-764,Normal,32.7,238.27,141.71333333333328,62.242008929303964,0
332,Normal-846,Normal,51.39,266.3,151.6803333333333,66.76868779517004,0
333,Normal-1211,Normal,18.69,280.31,146.852,81.81870562000681,0
334,Normal-1466,Normal,79.42,228.92,146.69600000000003,47.97316920946541,0
335,Normal-1537,Normal,51.39,219.58,139.06666666666663,47.22596082194152,0
336,Normal-1572,Normal,32.7,242.94,129.25533333333334,57.7546261196644,0
337,Normal-1604,Normal,28.03,256.95,140.15566666666663,73.57216845534882,0
338,Normal-1659,Normal,56.06,247.61,166.475,51.09958902313534,0
339,Normal-1756,Normal,79.42,228.92,148.25366666666667,45.58315116234164,0
340,Normal-1882,Normal,65.41,205.56,132.36833333333334,40.786878207199045,0
341,Normal-1891,Normal,18.69,228.92,118.97700000000002,65.36959324487188,0
342,Normal-1927,Normal,42.05,238.27,139.68933333333334,61.14512163333683,0
343,Normal-1932,Normal,56.06,242.94,142.64833333333334,58.161118288385374,0
344,Normal-1940,Normal,65.41,196.22,133.30466666666666,35.59532935028914,0
345,Normal-1943,Normal,56.06,280.31,158.99933333333334,65.9316859045954,0
346,Normal-1945,Normal,46.72,266.3,136.57466666666667,60.92170285064447,0
347,Normal-1978,Normal,28.03,294.33,143.42600000000002,73.2871498786338,0
348,Normal-2001,Normal,93.44,224.25,150.90066666666664,33.929841333093336,0
349,Normal-2007,Normal,14.02,228.92,120.22233333333334,66.68248369116303,0
350,Normal-2045,Normal,32.7,242.94,133.77233333333334,66.3175652288961,0
351,Normal-2076,Normal,4.67,242.94,124.89500000000001,75.95681464929046,0
352,Normal-2095,Normal,56.06,252.28,140.62199999999999,54.78173870917206,0
353,Normal-2121,Normal,79.42,252.28,174.88333333333333,51.795200635665935,0
354,Normal-2267,Normal,18.69,228.92,117.2646666666667,62.53225059830238,0
355,Normal-2281,Normal,42.05,266.3,146.07433333333336,66.30037645359857,0
356,Normal-2401,Normal,65.41,238.27,170.21166666666667,47.471095281468095,0
357,Normal-2647,Normal,42.05,252.28,147.31933333333333,53.92912663445938,0
358,Normal-2881,Normal,9.34,247.61,121.002,77.08320151628368,0
359,Normal-3351,Normal,88.77,261.62,174.88300000000007,48.12476917000919,0
360,COVID-2,COVID,4.67,275.64,116.64133333333334,78.4951475244737,0
361,COVID-18,COVID,42.05,270.97,155.57400000000004,70.49358678158839,0
362,COVID-403,COVID,9.34,280.31,134.39466666666667,81.4101699925889,0
363,COVID-449,COVID,4.67,284.98,148.25266666666667,82.55686876060378,0
364,COVID-477,COVID,51.39,247.61,140.001,53.39711124208875,0
365,COVID-500,COVID,23.36,289.66,145.91899999999998,73.34191395330049,0
366,COVID-526,COVID,56.06,266.3,160.4006666666667,68.01634460105078,0
367,COVID-564,COVID,0.0,228.92,114.46133333333333,67.23557261516324,0
368,COVID-575,COVID,23.36,266.3,133.14933333333337,76.30740959799091,0
369,COVID-584,COVID,32.7,275.64,136.26266666666666,70.55436206374644,0
370,COVID-605,COVID,0.0,289.66,154.48333333333332,89.79925683929065,0
371,COVID-642,COVID,28.03,270.97,140.0,70.90888016790751,0
372,COVID-727,COVID,18.69,270.97,145.14,81.8039186917921,0
373,COVID-782,COVID,37.38,266.3,149.96733333333333,75.32555966971341,0
374,COVID-914,COVID,65.41,270.97,162.11433333333338,63.028177967389226,0
375,COVID-947,COVID,18.69,270.97,148.25533333333337,75.41823142686094,0
376,COVID-972,COVID,4.67,233.59,119.444,70.921761286646,0
377,COVID-979,COVID,23.36,289.66,143.11499999999998,72.3112379809206,0
378,COVID-998,COVID,56.06,233.59,136.73033333333333,52.11986035305757,0
379,COVID-1028,COVID,51.39,294.33,158.68866666666662,70.53859410437822,0
380,COVID-1088,COVID,9.34,289.66,153.70533333333333,87.75509264361179,0
381,COVID-1103,COVID,0.0,294.33,135.01666666666668,93.23704100600553,0
382,COVID-1137,COVID,14.02,270.97,147.00833333333333,69.96076801004658,0
383,COVID-1258,COVID,9.34,270.97,133.3033333333333,75.6668241408053,0
384,COVID-1454,COVID,14.02,284.98,151.52399999999997,74.75599055594141,0
385,COVID-1498,COVID,51.39,261.62,146.38533333333334,60.797685029027946,0
386,COVID-1540,COVID,23.36,294.33,149.18833333333333,73.42384299773171,0
387,COVID-1558,COVID,18.69,280.31,146.697,73.24100131984362,0
388,COVID-1591,COVID,56.06,294.33,165.3846666666667,71.50228904183574,0
389,COVID-1751,COVID,9.34,270.97,140.93433333333334,72.82886399788357,0
390,COVID-1785,COVID,37.38,261.62,147.94233333333332,66.9367723394415,0
391,COVID-1935,COVID,84.09,266.3,154.79466666666673,53.646318278973155,0
392,COVID-2242,COVID,46.72,270.97,156.04033333333334,67.01774110802468,0
393,COVID-2281,COVID,42.05,284.98,145.451,71.27942018797104,0
394,COVID-2287,COVID,0.0,266.3,129.56633333333335,79.34813665038953,0
395,COVID-2426,COVID,32.7,238.27,141.55833333333334,66.45629998143308,0
396,COVID-2536,COVID,4.67,214.91,100.13400000000001,63.95141362002876,0
397,COVID-2594,COVID,18.69,224.25,123.49366666666666,62.54845383025511,0
398,COVID-2616,COVID,42.05,233.59,128.476,59.70412691486801,0
399,COVID-2705,COVID,42.05,294.33,165.6953333333333,68.97615374090446,0
400,COVID-35,COVID,18.69,284.98,153.5496666666667,86.931505469664,0
401,COVID-54,COVID,14.02,289.66,149.81133333333335,95.96352514482896,0
402,COVID-73,COVID,9.34,247.61,142.64833333333334,77.26596944249705,0
403,COVID-148,COVID,32.7,266.3,159.46633333333332,71.57485370730576,0
404,COVID-194,COVID,46.72,242.94,141.55900000000003,66.37980969893381,0
405,COVID-207,COVID,4.67,289.66,143.27133333333333,90.81772124181248,0
406,COVID-292,COVID,9.34,289.66,137.66533333333334,90.60447199166767,0
407,COVID-308,COVID,32.7,261.62,137.50866666666664,64.08750589276787,0
408,COVID-334,COVID,18.69,261.62,135.32833333333332,75.47020039209,0
409,COVID-428,COVID,14.02,270.97,144.517,86.83317980088793,0
410,COVID-498,COVID,9.34,233.59,118.19833333333334,69.80917948633657,0
411,COVID-567,COVID,9.34,284.98,146.23000000000002,90.32607227890148,0
412,COVID-799,COVID,14.02,266.3,144.36166666666665,83.33928781726473,0
413,COVID-841,COVID,32.7,247.61,139.84533333333334,66.63984812574397,0
414,COVID-847,COVID,46.72,256.95,147.63066666666663,63.275210518987784,0
415,COVID-902,COVID,18.69,275.64,134.08166666666668,77.54115342119233,0
416,COVID-1159,COVID,14.02,275.64,136.73,83.78840325486576,0
417,COVID-1233,COVID,9.34,289.66,144.36066666666667,87.94523409233473,0
418,COVID-1268,COVID,0.0,294.33,142.181,97.89899500165124,0
419,COVID-1313,COVID,18.69,252.28,135.1726666666667,70.10695229116408,0
420,COVID-1328,COVID,18.69,270.97,143.738,78.29354223689207,0
421,COVID-1397,COVID,28.03,270.97,138.75466666666668,69.44385323090559,0
422,COVID-1522,COVID,51.39,266.3,155.4163333333333,73.61164099440312,0
423,COVID-1533,COVID,9.34,294.33,151.05733333333333,95.78529935688925,0
424,COVID-1559,COVID,0.0,252.28,134.39399999999998,72.29284905161782,0
425,COVID-1589,COVID,18.69,266.3,125.36200000000001,74.75093896400232,0
426,COVID-1678,COVID,9.34,284.98,146.075,83.03903089310873,0
427,COVID-1727,COVID,28.03,247.61,135.64,66.57995288873872,0
428,COVID-1753,COVID,9.34,242.94,123.33766666666666,67.85899855255423,0
429,COVID-1886,COVID,37.38,252.28,145.297,75.95891074126854,0
430,COVID-2072,COVID,23.36,284.98,142.64800000000002,78.0603961643376,0
431,COVID-2077,COVID,51.39,280.31,155.418,70.74889117623447,0
432,COVID-2217,COVID,28.03,177.53,104.18300000000002,49.63520364620256,0
433,COVID-2238,COVID,4.67,247.61,131.59300000000002,77.74695673143741,0
434,COVID-2243,COVID,37.38,247.61,140.31199999999998,65.60018411559528,0
435,COVID-2255,COVID,37.38,242.94,142.80366666666666,67.57010130145498,0
436,COVID-2542,COVID,18.69,242.94,140.157,74.34094067874041,0
437,COVID-2606,COVID,32.7,261.62,136.72966666666667,67.66901637053368,0
438,COVID-2793,COVID,46.72,270.97,155.26166666666666,74.30698334536862,0
439,COVID-2829,COVID,46.72,261.62,163.20266666666663,70.09738192606689,0
440,COVID-2887,COVID,32.7,256.95,137.50766666666667,69.08126068543399,0
441,COVID-2977,COVID,23.36,270.97,129.25533333333334,69.3303460606457,0
442,COVID-3087,COVID,28.03,233.59,130.03333333333333,63.43094740652145,0
443,COVID-3099,COVID,28.03,280.31,135.48466666666667,74.30039007225257,0
444,COVID-3136,COVID,32.7,238.27,120.37800000000001,62.26802530994539,0
445,COVID-3154,COVID,37.38,261.62,142.18033333333332,67.11494878109414,0
446,COVID-3200,COVID,28.03,280.31,155.41733333333337,85.12425600001187,0
447,COVID-3218,COVID,32.7,266.3,131.59133333333335,70.8645683320578,0
448,COVID-3399,COVID,46.72,270.97,144.51666666666668,65.5386572099924,0
449,COVID-3492,COVID,51.39,266.3,147.63033333333334,68.90112193006891,0
450,COVID-3576,COVID,37.38,275.64,140.77933333333334,73.25208228818862,0
451,COVID-3606,COVID,28.03,228.92,120.53366666666668,64.32297000208315,0
452,Normal-66,Normal,42.05,261.62,145.76233333333337,68.7184791102235,0
453,Normal-102,Normal,28.03,266.3,146.85299999999998,78.06999287605109,0
454,Normal-105,Normal,51.39,252.28,154.95033333333328,63.534381741087415,0
455,Normal-173,Normal,37.38,261.62,146.85233333333332,71.96917889779084,0
456,Normal-181,Normal,37.38,270.97,146.38633333333334,70.00903820142717,0
457,Normal-185,Normal,28.03,266.3,147.16333333333333,77.2275706956755,0
458,Normal-346,Normal,28.03,256.95,135.48466666666667,71.59820825194502,0
459,Normal-409,Normal,42.05,284.98,158.53200000000004,79.64040617676433,0
460,Normal-415,Normal,37.38,261.62,149.812,65.36018611764607,0
461,Normal-467,Normal,32.7,270.97,154.63833333333335,77.37407895341236,0
462,Normal-545,Normal,37.38,261.62,148.87766666666667,71.93942658854662,0
463,Normal-599,Normal,18.69,289.66,140.1566666666667,84.24090484372121,0
464,Normal-789,Normal,18.69,261.62,141.40200000000002,78.9710880597028,0
465,Normal-829,Normal,32.7,266.3,146.07466666666667,78.57330334294353,0
466,Normal-882,Normal,42.05,252.28,153.85966666666664,67.79761748435969,0
467,Normal-922,Normal,32.7,284.98,152.7706666666667,84.15444499780679,0
468,Normal-976,Normal,23.36,270.97,156.19633333333334,72.80470124395967,0
469,Normal-1023,Normal,28.03,266.3,149.18933333333337,70.80029867796384,0
470,Normal-1061,Normal,28.03,280.31,153.0826666666667,82.85328498550247,0
471,Normal-1109,Normal,32.7,256.95,151.212,73.37890974932783,0
472,Normal-1227,Normal,37.38,280.31,152.77066666666667,81.03637730193905,0
473,Normal-1354,Normal,28.03,275.64,148.87666666666667,78.69205984228792,0
474,Normal-1379,Normal,28.03,270.97,153.23666666666665,73.86197918339914,0
475,Normal-1430,Normal,28.03,256.95,133.92766666666668,72.23872358060845,0
476,Normal-1460,Normal,32.7,275.64,153.0806666666667,73.85622907303681,0
477,Normal-1472,Normal,32.7,275.64,146.54133333333337,78.32038592573171,0
478,Normal-1483,Normal,23.36,256.95,125.98500000000003,66.73239387034356,0
479,Normal-1487,Normal,14.02,261.62,131.59133333333335,75.76514267714995,0
480,Normal-1500,Normal,37.38,238.27,128.787,60.40601256773479,0
481,Normal-1582,Normal,23.36,266.3,145.607,83.78203933023673,0
482,Normal-1657,Normal,32.7,270.97,139.0656666666667,71.91969534062898,0
483,Normal-1675,Normal,37.38,275.64,149.189,72.906176526181,0
484,Normal-1704,Normal,37.38,252.28,141.2466666666667,66.36342397904302,0
485,Normal-1776,Normal,28.03,261.62,139.37633333333332,75.41971446438185,0
486,Normal-1820,Normal,37.38,242.94,128.3216666666667,62.42025382215473,0
487,Normal-1979,Normal,18.69,266.3,129.87800000000001,74.37286612737202,0
488,Normal-2072,Normal,28.03,256.95,142.33633333333336,77.81866500539715,0
489,Normal-2123,Normal,56.06,275.64,158.22100000000003,68.2022567246373,0
490,Normal-2182,Normal,28.03,280.31,140.624,75.18995214787678,0
491,Normal-2215,Normal,46.72,256.95,143.89333333333332,65.85362775799742,0
492,Normal-2248,Normal,28.03,242.94,120.06733333333334,62.391452455889784,0
493,Normal-2299,Normal,18.69,289.66,142.33599999999998,79.40973188050275,0
494,Normal-2372,Normal,18.69,270.97,136.73066666666668,72.90644708269785,0
495,Normal-2510,Normal,42.05,247.61,144.36166666666668,68.00552698535286,0
496,Normal-2545,Normal,28.03,280.31,137.977,74.64001175196405,0
497,Normal-2553,Normal,32.7,270.97,143.426,71.82278151116121,0
498,Normal-2576,Normal,14.02,261.62,143.89333333333335,80.33518744748294,0
499,Normal-2603,Normal,23.36,284.98,150.4343333333333,77.62765296307467,0
500,Normal-2690,Normal,46.72,280.31,147.008,71.05489438455312,0
501,Normal-2807,Normal,9.34,284.98,149.49966666666668,89.47575055038966,0
502,Normal-2827,Normal,23.36,280.31,145.76400000000004,79.82689820689097,0
503,Normal-2840,Normal,18.69,270.97,129.87766666666667,79.26030825422997,0
504,Normal-2865,Normal,14.02,275.64,152.30233333333334,75.68470786463773,0
505,Normal-2872,Normal,37.38,256.95,148.25466666666668,63.01484035438707,0
506,Normal-2876,Normal,18.69,275.64,147.1643333333333,84.26435563880034,0
507,Normal-3043,Normal,32.7,266.3,147.009,75.5988981996431,0
508,Normal-3059,Normal,18.69,266.3,139.22333333333336,74.83049059188522,0
509,Normal-3145,Normal,32.7,275.64,142.49166666666667,72.53418536953608,0
510,Normal-3173,Normal,9.34,252.28,137.042,79.04760757079664,0
511,Normal-3177,Normal,37.38,256.95,135.79599999999996,67.61444049905316,0
512,Normal-3204,Normal,37.38,261.62,141.40133333333333,70.30450008040421,0
513,Normal-3270,Normal,23.36,284.98,147.47633333333334,79.12462370561742,0
514,Normal-3297,Normal,28.03,256.95,140.779,77.51970009186913,0
515,Normal-3488,Normal,23.36,261.62,149.34366666666668,76.03724194907534,0
516,Normal-3529,Normal,28.03,261.62,136.8863333333333,68.31392042052792,0
517,Normal-3566,Normal,32.7,275.64,150.12333333333333,79.30867427687564,0
518,Normal-3580,Normal,37.38,252.28,136.1076666666667,67.11518097933498,0
519,Normal-3602,Normal,28.03,256.95,135.32866666666666,70.98010086089073,0
520,Normal-3604,Normal,23.36,275.64,149.9676666666667,79.92610281517688,0
521,Normal-3691,Normal,18.69,256.95,133.61666666666667,72.10002641392643,0
522,Normal-3716,Normal,23.36,280.31,150.12233333333333,85.06365607329346,0
523,Normal-3776,Normal,46.72,256.95,153.70366666666663,72.8601216250853,0
524,Normal-3811,Normal,42.05,294.33,165.53966666666665,77.53789892619538,0
525,Normal-3873,Normal,23.36,242.94,135.79633333333334,69.17840219236702,0
526,Normal-4010,Normal,28.03,252.28,133.14933333333335,69.16563953936152,0
527,Normal-4033,Normal,28.03,270.97,141.24566666666666,74.34726225326361,0
528,Normal-4120,Normal,32.7,261.62,142.647,71.94935219305314,0
529,Normal-4208,Normal,32.7,266.3,137.66433333333333,73.2243596846174,0
530,Normal-4262,Normal,18.69,247.61,136.263,69.89212975006556,0
531,Normal-4284,Normal,32.7,256.95,141.40099999999998,73.11506772888882,0
532,Normal-4310,Normal,9.34,252.28,123.96033333333335,71.20906161827689,0
533,Normal-4376,Normal,32.7,289.66,138.90933333333334,75.11833189190386,0
534,Normal-4383,Normal,32.7,233.59,131.27866666666668,68.58086505400435,0
535,Normal-4415,Normal,51.39,275.64,155.417,73.68133984259515,0
536,Normal-4433,Normal,28.03,275.64,143.73766666666668,78.46862496919107,0
537,Normal-4448,Normal,14.02,270.97,145.608,79.92343116591863,0
538,Normal-4470,Normal,23.36,280.31,134.70533333333333,77.58681721071493,0
539,Normal-4498,Normal,32.7,256.95,149.656,69.09013338145084,0
540,Normal-4507,Normal,28.03,261.62,142.80266666666665,74.02292829177247,0
541,Normal-4576,Normal,42.05,280.31,154.95033333333336,74.90643846307353,0
542,Normal-4594,Normal,46.72,280.31,152.6146666666667,75.29576680147578,0
543,Normal-4649,Normal,23.36,266.3,143.584,78.71241531041974,0
544,Normal-4851,Normal,23.36,270.97,149.03166666666667,83.67123811216267,0
545,Normal-4855,Normal,28.03,252.28,142.64833333333337,69.19820918122728,0
546,Normal-4953,Normal,32.7,261.62,148.56566666666666,74.93734781728593,0
547,Normal-5028,Normal,4.67,280.31,132.36966666666666,80.1361407640495,0
548,Normal-5054,Normal,18.69,270.97,152.61433333333335,78.77212492091067,0
549,Normal-5077,Normal,42.05,238.27,139.0676666666667,65.7243188722578,0
550,Normal-5079,Normal,23.36,280.31,157.59800000000004,84.36996394452235,0
551,Normal-5152,Normal,14.02,261.62,138.13233333333335,80.32969843851166,0
552,Normal-5182,Normal,4.67,294.33,153.23766666666668,84.8547828423491,0
553,Normal-5207,Normal,23.36,270.97,143.11499999999998,72.34070259312296,0
554,Normal-5214,Normal,28.03,266.3,142.33666666666667,73.58894923077031,0
555,Normal-5217,Normal,9.34,266.3,145.76233333333337,75.81690896202217,0
556,Normal-5289,Normal,32.7,261.62,147.94233333333332,77.77670545363966,0
557,Normal-5297,Normal,42.05,261.62,152.61299999999997,73.10921260461411,0
558,Normal-5329,Normal,28.03,261.62,136.57466666666667,67.73009246183626,0
559,Normal-5354,Normal,42.05,280.31,140.00033333333332,69.9060201262301,0
560,Normal-5587,Normal,14.02,284.98,161.33533333333335,81.06012557492261,0
561,Normal-5604,Normal,9.34,266.3,145.14033333333333,76.65324844098622,0
562,Normal-5606,Normal,18.69,266.3,141.24733333333333,76.81066917789191,0
563,Normal-5674,Normal,37.38,247.61,138.75566666666666,65.4748425826456,0
564,Normal-5777,Normal,37.38,275.64,142.17999999999998,73.11226892024803,0
565,Normal-5829,Normal,37.38,252.28,140.46766666666664,70.11794124584347,0
566,Normal-5928,Normal,23.36,266.3,147.943,82.12564472197464,0
567,Normal-5936,Normal,9.34,252.28,132.83633333333336,78.16410358910854,0
568,Normal-5959,Normal,37.38,266.3,139.53366666666668,69.46991461456935,0
569,Normal-5977,Normal,46.72,247.61,145.13966666666664,64.03415788901698,0
570,Normal-6004,Normal,28.03,266.3,140.934,74.53626095621736,0
571,Normal-6188,Normal,32.7,280.31,154.95066666666668,81.49234168244823,0
572,Normal-6222,Normal,32.7,261.62,146.69733333333335,76.6010576921465,0
573,Normal-6258,Normal,23.36,289.66,161.33500000000004,82.91582240441205,0
574,Normal-6335,Normal,32.7,266.3,142.02466666666666,73.71664835631697,0
575,Normal-6343,Normal,42.05,275.64,146.38566666666665,74.4993397591922,0
576,Normal-6469,Normal,23.36,270.97,153.082,74.5420917513499,0
577,Normal-6560,Normal,23.36,266.3,147.943,75.15170364669054,0
578,Normal-6642,Normal,42.05,252.28,140.15700000000004,66.02657036628007,0
579,Normal-6742,Normal,28.03,280.31,150.59033333333335,76.07741870328906,0
580,Normal-6743,Normal,28.03,247.61,132.2146666666667,70.9871316851786,0
581,Normal-6774,Normal,46.72,261.62,152.76899999999995,75.79407863195296,0
582,Normal-6808,Normal,37.38,256.95,148.72166666666666,76.3573965456014,0
583,Normal-6873,Normal,32.7,280.31,156.03866666666667,77.14043637994854,0
584,Normal-6957,Normal,32.7,252.28,138.44366666666667,64.62828650486996,0
585,Normal-7025,Normal,23.36,270.97,144.674,78.84682815856746,0
586,Normal-7046,Normal,42.05,256.95,150.74766666666667,69.53421736494599,0
587,Normal-7060,Normal,14.02,266.3,135.95166666666668,81.92128067371885,0
588,Normal-7076,Normal,32.7,294.33,158.37633333333332,84.90528352163302,0
589,Normal-7178,Normal,28.03,270.97,145.139,83.96323502382853,0
590,Normal-7192,Normal,14.02,252.28,112.12500000000001,68.59850055455537,0
591,Normal-7208,Normal,28.03,266.3,144.98566666666667,75.27835154426684,0
592,Normal-7332,Normal,51.39,270.97,155.8853333333333,69.15370318998751,0
593,Normal-7343,Normal,56.06,270.97,160.86733333333333,71.64642298274369,0
594,Normal-7389,Normal,32.7,247.61,136.73033333333333,71.83059475754202,0
595,Normal-7443,Normal,37.38,247.61,139.37766666666667,67.8421427866845,0
596,Normal-7551,Normal,23.36,256.95,136.41966666666667,69.90466343448689,0
597,Normal-7606,Normal,9.34,261.62,124.895,71.45611897054957,0
598,Normal-7636,Normal,37.38,242.94,139.22466666666665,73.41858918708682,0
599,Normal-7728,Normal,42.05,294.33,166.16266666666667,78.76555731762174,0
600,Normal-7756,Normal,37.38,270.97,144.51733333333334,78.9614101078636,0
601,Normal-7784,Normal,28.03,261.62,139.53166666666667,76.86799022060845,0
602,Normal-7892,Normal,37.38,242.94,139.378,67.86320708601974,0
603,Normal-7909,Normal,37.38,256.95,147.943,65.1421519013099,0
604,Normal-7957,Normal,18.69,270.97,132.68,75.70336443426189,0
605,Normal-7961,Normal,42.05,275.64,128.94300000000004,68.83681966070193,0
606,Normal-8015,Normal,46.72,261.62,146.38533333333334,69.64389500563246,0
607,Normal-8028,Normal,14.02,261.62,131.90233333333333,70.62225143599494,0
608,Normal-8140,Normal,28.03,266.3,144.98466666666664,78.14221627832737,0
609,Normal-8167,Normal,23.36,294.33,158.84366666666668,81.73443034133304,0
610,Normal-8180,Normal,32.7,252.28,145.6076666666667,71.3553166756962,0
611,Normal-8205,Normal,18.69,289.66,142.492,85.8806741318053,0
612,Normal-8265,Normal,23.36,270.97,145.14133333333336,78.62066839083869,0
613,Normal-8266,Normal,51.39,252.28,150.58933333333331,59.066959908978625,0
614,Normal-8291,Normal,32.7,261.62,141.40233333333333,72.50473458946587,0
615,Normal-8304,Normal,9.34,280.31,136.10600000000002,84.26407631567163,0
616,Normal-8315,Normal,14.02,294.33,154.17166666666665,91.53372846782887,0
617,Normal-8317,Normal,42.05,270.97,137.82,66.73544890086528,0
618,Normal-8330,Normal,23.36,275.64,149.345,79.23349488484442,0
619,Normal-8346,Normal,42.05,261.62,147.63066666666666,64.8982202084327,0
620,Normal-8386,Normal,18.69,284.98,149.34466666666665,82.20810267174939,0
621,Normal-8410,Normal,14.02,275.64,132.36966666666666,80.04461457975934,0
622,Normal-8432,Normal,37.38,266.3,141.55800000000002,69.5060211012926,0
623,Normal-8452,Normal,37.38,270.97,156.819,75.11582400311313,0
624,Normal-8584,Normal,32.7,275.64,148.72133333333335,79.24716666789348,0
625,Normal-8613,Normal,0.0,233.59,127.69833333333331,73.81226262545329,0
626,Normal-8711,Normal,32.7,280.31,144.82700000000003,76.80449288724368,0
627,Normal-8735,Normal,9.34,261.62,130.19099999999997,82.07635921709328,0
628,Normal-8745,Normal,28.03,247.61,134.08266666666665,70.81380533640473,0
629,Normal-8782,Normal,28.03,261.62,139.844,74.22117256776083,0
630,Normal-8810,Normal,14.02,275.64,152.30400000000003,87.54880431698273,0
631,Normal-8874,Normal,23.36,261.62,142.9573333333333,75.02697101413303,0
632,Normal-8914,Normal,28.03,284.98,159.93400000000003,87.449790340896,0
633,Normal-8952,Normal,14.02,270.97,136.264,73.43446968102468,0
634,Normal-9032,Normal,28.03,280.31,154.95033333333336,82.07116227126039,0
635,Normal-9073,Normal,37.38,266.3,147.476,71.80715997726132,0
636,Normal-9111,Normal,32.7,270.97,145.6063333333333,72.52765378269328,0
637,Normal-9112,Normal,28.03,256.95,142.804,79.59226003408455,0
638,Normal-9174,Normal,9.34,242.94,118.19833333333334,72.29771034103054,0
639,Normal-9188,Normal,9.34,275.64,140.31133333333335,87.95366578425762,0
640,Normal-9243,Normal,4.67,275.64,144.983,81.12136270839308,0
641,Normal-9248,Normal,42.05,233.59,133.77200000000002,55.743595291297815,0
642,Normal-9298,Normal,42.05,275.64,160.08833333333334,72.82701605326298,0
643,Normal-9309,Normal,28.03,270.97,154.17133333333334,79.97755734093299,0
644,Normal-9320,Normal,42.05,247.61,140.93499999999997,65.62966177727873,0
645,Normal-9323,Normal,18.69,252.28,130.34533333333334,78.27080625338898,0
646,Normal-9343,Normal,14.02,242.94,136.10766666666666,71.68732582929535,0
647,Normal-9349,Normal,28.03,270.97,134.55066666666667,74.02068359286854,0
648,Normal-9360,Normal,18.69,280.31,151.525,83.51701901409078,0
649,Normal-9468,Normal,37.38,242.94,125.82866666666665,61.00816670650651,0
650,Normal-9470,Normal,56.06,224.25,142.02533333333335,56.471355732107426,0
651,Normal-9508,Normal,14.02,275.64,145.60733333333337,71.1087032616652,0
652,Normal-9553,Normal,32.7,242.94,140.62566666666666,69.70743148729234,0
653,Normal-9556,Normal,28.03,205.56,127.23133333333335,58.608901470301895,0
654,Normal-9558,Normal,28.03,270.97,141.86933333333337,77.3673387993208,0
655,Normal-9690,Normal,37.38,261.62,141.40166666666664,68.34138487931176,0
656,Normal-9797,Normal,23.36,294.33,144.67366666666666,78.633908567205,0
657,Normal-9804,Normal,37.38,284.98,144.983,74.98655062298396,0
658,Normal-9836,Normal,23.36,261.62,134.86066666666665,70.91084505364621,0
659,Normal-9863,Normal,37.38,256.95,142.9606666666667,70.42512539017748,0
660,Normal-9911,Normal,32.7,261.62,138.90966666666665,72.34533076309917,0
661,Normal-9934,Normal,37.38,261.62,141.558,71.15011690784492,0
662,Normal-9953,Normal,18.69,252.28,134.083,74.97529198120316,0
663,Normal-9997,Normal,18.69,242.94,140.00033333333334,73.28152056661732,0
664,Normal-10097,Normal,18.69,266.3,140.46866666666665,79.72141998791096,0
665,Normal-10103,Normal,51.39,261.62,152.458,72.02836012756826,0
666,Normal-10105,Normal,23.36,252.28,131.28033333333335,72.84095063828374,0
667,Normal-10111,Normal,18.69,275.64,133.772,73.68647236320473,0
668,Viral Pneumonia-11,Viral Pneumonia,37.38,275.64,150.746,79.09908741993593,0
669,Viral Pneumonia-18,Viral Pneumonia,4.67,261.62,140.0006666666667,84.33074381795106,0
670,Viral Pneumonia-64,Viral Pneumonia,18.69,289.66,148.72133333333335,85.20231447299747,0
671,Viral Pneumonia-67,Viral Pneumonia,14.02,289.66,146.074,88.71532038304696,0
672,Viral Pneumonia-70,Viral Pneumonia,28.03,256.95,143.11533333333333,75.01673243276389,0
673,Viral Pneumonia-73,Viral Pneumonia,14.02,270.97,141.71433333333334,82.42782752943465,0
674,Viral Pneumonia-87,Viral Pneumonia,18.69,270.97,144.361,82.66509659866531,0
675,Viral Pneumonia-93,Viral Pneumonia,32.7,261.62,147.3193333333333,74.27959598406251,0
676,Viral Pneumonia-95,Viral Pneumonia,37.38,252.28,143.42833333333334,71.344608256141,0
677,Viral Pneumonia-100,Viral Pneumonia,28.03,284.98,152.30266666666668,82.86097356147559,0
678,Viral Pneumonia-111,Viral Pneumonia,42.05,270.97,154.172,78.61100777032863,0
679,Viral Pneumonia-126,Viral Pneumonia,18.69,284.98,149.96733333333333,87.82070480751615,0
680,Viral Pneumonia-135,Viral Pneumonia,18.69,280.31,147.00833333333333,82.20088982013651,0
681,Viral Pneumonia-141,Viral Pneumonia,23.36,270.97,143.58233333333334,80.35951815366298,0
682,Viral Pneumonia-146,Viral Pneumonia,18.69,275.64,145.13966666666667,84.20512583302488,0
683,Viral Pneumonia-160,Viral Pneumonia,23.36,270.97,146.69699999999997,81.63192795101682,0
684,Viral Pneumonia-170,Viral Pneumonia,0.0,289.66,125.82899999999998,87.79259806878179,0
685,Viral Pneumonia-173,Viral Pneumonia,14.02,266.3,141.091,82.93808623907354,0
686,Viral Pneumonia-186,Viral Pneumonia,4.67,270.97,144.04933333333338,84.80956777523527,0
687,Viral Pneumonia-203,Viral Pneumonia,4.67,289.66,151.21366666666665,95.87854276751511,0
688,Viral Pneumonia-208,Viral Pneumonia,0.0,280.31,121.93566666666668,83.94036310315133,0
689,Viral Pneumonia-220,Viral Pneumonia,0.0,280.31,135.63966666666667,84.01952124291645,0
690,Viral Pneumonia-223,Viral Pneumonia,28.03,261.62,145.44966666666667,80.94317930842324,0
691,Viral Pneumonia-225,Viral Pneumonia,23.36,266.3,149.65500000000003,75.29714743379503,0
692,Viral Pneumonia-232,Viral Pneumonia,23.36,270.97,149.50033333333337,76.93664746544539,0
693,Viral Pneumonia-237,Viral Pneumonia,37.38,256.95,151.992,70.76610786716101,0
694,Viral Pneumonia-243,Viral Pneumonia,28.03,294.33,153.86033333333333,83.92032052224035,0
695,Viral Pneumonia-253,Viral Pneumonia,42.05,275.64,151.36866666666666,77.43208631798291,0
696,Viral Pneumonia-257,Viral Pneumonia,32.7,256.95,144.05133333333333,72.99735112697964,0
697,Viral Pneumonia-263,Viral Pneumonia,23.36,284.98,149.9676666666667,82.56823718126859,0
698,Viral Pneumonia-265,Viral Pneumonia,18.69,284.98,146.38500000000005,83.6889160223742,0
699,Viral Pneumonia-267,Viral Pneumonia,32.7,294.33,157.75333333333336,82.42152349693346,0
700,Viral Pneumonia-276,Viral Pneumonia,18.69,284.98,153.54933333333332,86.01436627809463,0
701,Viral Pneumonia-301,Viral Pneumonia,4.67,294.33,150.90133333333333,96.01211096291736,0
702,Viral Pneumonia-328,Viral Pneumonia,9.34,294.33,150.27933333333334,88.57747982918056,0
703,Viral Pneumonia-335,Viral Pneumonia,4.67,270.97,117.41966666666666,80.42122433302183,0
704,Viral Pneumonia-336,Viral Pneumonia,42.05,294.33,159.311,79.63580745493827,0
705,Viral Pneumonia-340,Viral Pneumonia,28.03,270.97,153.08133333333336,76.29857782568574,0
706,Viral Pneumonia-356,Viral Pneumonia,32.7,280.31,149.34466666666665,78.85519969045936,0
707,Viral Pneumonia-384,Viral Pneumonia,37.38,280.31,156.81933333333336,80.12969790422414,0
708,Viral Pneumonia-401,Viral Pneumonia,42.05,270.97,160.24533333333335,72.86788738227256,0
709,Viral Pneumonia-424,Viral Pneumonia,28.03,252.28,138.59833333333336,70.42309356469809,0
710,Viral Pneumonia-433,Viral Pneumonia,4.67,280.31,129.87833333333336,85.41882427518864,0
711,Viral Pneumonia-439,Viral Pneumonia,28.03,266.3,148.87666666666667,75.7241588192889,0
712,Viral Pneumonia-444,Viral Pneumonia,18.69,275.64,149.03333333333333,81.17263082810337,0
713,Viral Pneumonia-452,Viral Pneumonia,23.36,280.31,150.74566666666666,80.10390592571349,0
714,Viral Pneumonia-456,Viral Pneumonia,28.03,256.95,135.9513333333333,71.93623619721998,0
715,Viral Pneumonia-489,Viral Pneumonia,14.02,261.62,142.025,80.55394050986374,0
716,Viral Pneumonia-501,Viral Pneumonia,46.72,289.66,158.065,76.3692343704802,0
717,Viral Pneumonia-524,Viral Pneumonia,37.38,261.62,145.6076666666667,73.36389173988947,0
718,Viral Pneumonia-528,Viral Pneumonia,28.03,270.97,142.33666666666667,76.39390666509703,0
719,Viral Pneumonia-532,Viral Pneumonia,32.7,280.31,154.79500000000002,81.68614553072429,0
720,Viral Pneumonia-540,Viral Pneumonia,14.02,270.97,143.58300000000003,83.00431326744413,0
721,Viral Pneumonia-552,Viral Pneumonia,32.7,289.66,157.28733333333332,85.40955621526722,0
722,Viral Pneumonia-554,Viral Pneumonia,28.03,256.95,144.51766666666666,75.52340893980414,0
723,Viral Pneumonia-595,Viral Pneumonia,46.72,256.95,156.97499999999997,63.06856986645567,0
724,Viral Pneumonia-600,Viral Pneumonia,32.7,284.98,156.50700000000003,82.80862218191213,0
725,Viral Pneumonia-623,Viral Pneumonia,28.03,289.66,157.5976666666667,78.46279312231725,0
726,Viral Pneumonia-634,Viral Pneumonia,14.02,275.64,143.11533333333333,79.1779612322071,0
727,Viral Pneumonia-651,Viral Pneumonia,0.0,289.66,145.13933333333335,93.84040685949499,0
728,Viral Pneumonia-654,Viral Pneumonia,0.0,280.31,135.796,89.2718952638511,0
729,Viral Pneumonia-658,Viral Pneumonia,14.02,238.27,138.91133333333335,67.98043834973573,0
730,Viral Pneumonia-671,Viral Pneumonia,28.03,294.33,156.04133333333337,86.66311236557851,0
731,Viral Pneumonia-675,Viral Pneumonia,32.7,294.33,156.97466666666665,80.33895118945865,0
732,Viral Pneumonia-679,Viral Pneumonia,37.38,284.98,152.6146666666667,76.35107847888521,0
733,Viral Pneumonia-684,Viral Pneumonia,23.36,261.62,144.98466666666667,79.43375482053513,0
734,Viral Pneumonia-689,Viral Pneumonia,9.34,275.64,147.47566666666665,82.80740001889258,0
735,Viral Pneumonia-707,Viral Pneumonia,32.7,284.98,153.08133333333336,80.78108993790289,0
736,Viral Pneumonia-709,Viral Pneumonia,23.36,280.31,152.92500000000004,79.5395737877274,0
737,Viral Pneumonia-711,Viral Pneumonia,28.03,284.98,150.4346666666667,84.36525642440469,0
738,Viral Pneumonia-714,Viral Pneumonia,32.7,289.66,150.74666666666664,80.78380688947233,0
739,Viral Pneumonia-719,Viral Pneumonia,37.38,289.66,152.77100000000004,82.08857075744466,0
740,Viral Pneumonia-743,Viral Pneumonia,23.36,270.97,150.4343333333333,79.2600096174329,0
741,Viral Pneumonia-745,Viral Pneumonia,4.67,294.33,152.14666666666665,92.9040163944607,0
742,Viral Pneumonia-752,Viral Pneumonia,0.0,284.98,147.1636666666667,86.63082905768721,0
743,Viral Pneumonia-768,Viral Pneumonia,0.0,280.31,142.49200000000002,94.7646177782967,0
744,Viral Pneumonia-774,Viral Pneumonia,18.69,270.97,147.16400000000002,81.09617761645737,0
745,Viral Pneumonia-777,Viral Pneumonia,14.02,284.98,149.34433333333334,88.3005768076039,0
746,Viral Pneumonia-782,Viral Pneumonia,4.67,275.64,129.411,85.85913984932918,0
747,Viral Pneumonia-791,Viral Pneumonia,37.38,261.62,146.3853333333333,69.80968174178199,0
748,Viral Pneumonia-797,Viral Pneumonia,18.69,261.62,139.845,78.82274679092747,0
749,Viral Pneumonia-801,Viral Pneumonia,28.03,252.28,130.657,69.43616003927636,0
750,Viral Pneumonia-806,Viral Pneumonia,0.0,294.33,150.43433333333334,96.15038896379406,0
751,Viral Pneumonia-829,Viral Pneumonia,18.69,284.98,148.25466666666668,86.57351811161553,0
752,Viral Pneumonia-844,Viral Pneumonia,23.36,284.98,154.95066666666668,78.15725387249024,0
753,Viral Pneumonia-854,Viral Pneumonia,28.03,261.62,137.50866666666667,73.02402128675803,0
754,Viral Pneumonia-878,Viral Pneumonia,18.69,247.61,138.59966666666668,74.1670642753387,0
755,Viral Pneumonia-885,Viral Pneumonia,28.03,275.64,147.16500000000002,80.27591161114273,0
756,Viral Pneumonia-901,Viral Pneumonia,51.39,242.94,147.78699999999998,63.41391982575015,0
757,Viral Pneumonia-929,Viral Pneumonia,0.0,275.64,115.55099999999999,81.17856401579586,0
758,Viral Pneumonia-932,Viral Pneumonia,46.72,261.62,146.07299999999998,64.99220579679792,0
759,Viral Pneumonia-937,Viral Pneumonia,18.69,266.3,144.984,80.61679988687222,0
760,Viral Pneumonia-943,Viral Pneumonia,37.38,280.31,154.95100000000002,80.99068482856532,0
761,Viral Pneumonia-958,Viral Pneumonia,23.36,275.64,158.53366666666668,76.91655042894793,0
762,Viral Pneumonia-988,Viral Pneumonia,28.03,261.62,146.6966666666667,77.98412245807191,0
763,Viral Pneumonia-989,Viral Pneumonia,4.67,284.98,148.877,86.24421024625363,0
764,Viral Pneumonia-993,Viral Pneumonia,14.02,266.3,148.25466666666665,79.83202806448605,0
765,Viral Pneumonia-999,Viral Pneumonia,18.69,242.94,142.805,68.22323933235654,0
766,Viral Pneumonia-1048,Viral Pneumonia,18.69,275.64,144.829,82.69701172956614,0
767,Viral Pneumonia-1052,Viral Pneumonia,23.36,270.97,145.918,78.5612742768344,0
768,Viral Pneumonia-1062,Viral Pneumonia,23.36,275.64,144.36166666666668,79.3795951145857,0
769,Viral Pneumonia-1075,Viral Pneumonia,18.69,270.97,148.72133333333332,82.539490658849,0
770,Viral Pneumonia-1080,Viral Pneumonia,37.38,256.95,141.40166666666667,68.48068905822203,0
771,Viral Pneumonia-1099,Viral Pneumonia,28.03,261.62,142.64800000000002,74.93188753350161,0
772,Viral Pneumonia-1100,Viral Pneumonia,37.38,242.94,140.46900000000002,66.80260735180926,0
773,Viral Pneumonia-1119,Viral Pneumonia,28.03,252.28,138.75433333333336,73.08869541788859,0
774,Viral Pneumonia-1134,Viral Pneumonia,18.69,256.95,131.12466666666666,73.11489450325578,0
775,Viral Pneumonia-1144,Viral Pneumonia,37.38,256.95,145.91933333333336,70.4377184910345,0
776,Viral Pneumonia-1151,Viral Pneumonia,23.36,261.62,140.77933333333334,78.32171682376621,0
777,Viral Pneumonia-1152,Viral Pneumonia,28.03,294.33,150.746,83.66690813776574,0
778,Viral Pneumonia-1161,Viral Pneumonia,42.05,270.97,147.94233333333332,68.42046631836284,0
779,Viral Pneumonia-1199,Viral Pneumonia,23.36,266.3,146.85266666666666,80.22961393954785,0
780,Viral Pneumonia-1200,Viral Pneumonia,18.69,284.98,152.9266666666667,82.73210071603941,0
781,Viral Pneumonia-1204,Viral Pneumonia,28.03,280.31,156.19633333333334,77.38688555921833,0
782,Viral Pneumonia-1208,Viral Pneumonia,42.05,270.97,156.663,73.93436991233058,0
783,Viral Pneumonia-1217,Viral Pneumonia,46.72,280.31,159.15433333333334,76.0521574396297,0
784,Viral Pneumonia-1220,Viral Pneumonia,32.7,275.64,153.86066666666665,82.33505360955861,0
785,Viral Pneumonia-1234,Viral Pneumonia,28.03,275.64,151.99133333333336,74.15193855561401,0
786,Viral Pneumonia-1253,Viral Pneumonia,32.7,247.61,144.205,67.46274926456327,0
787,Viral Pneumonia-1255,Viral Pneumonia,23.36,252.28,142.0256666666667,75.15312553639329,0
788,Viral Pneumonia-1272,Viral Pneumonia,23.36,275.64,146.853,84.5310202292626,0
789,Viral Pneumonia-1279,Viral Pneumonia,28.03,261.62,149.967,77.86963298359638,0
790,Viral Pneumonia-1297,Viral Pneumonia,46.72,275.64,156.50766666666667,76.38453376102318,0
791,Viral Pneumonia-1303,Viral Pneumonia,32.7,266.3,152.92466666666664,76.80331441343459,0
792,Viral Pneumonia-1314,Viral Pneumonia,37.38,275.64,154.17200000000003,79.55731960458866,0
793,Viral Pneumonia-1317,Viral Pneumonia,37.38,280.31,150.12233333333333,77.55583007027188,0
794,Viral Pneumonia-1323,Viral Pneumonia,23.36,270.97,146.697,80.42876770368507,0
795,Viral Pneumonia-1324,Viral Pneumonia,32.7,266.3,151.67999999999998,75.65654371345988,0
796,Viral Pneumonia-1326,Viral Pneumonia,18.69,275.64,147.9426666666667,84.32078731184197,0
797,Viral Pneumonia-1331,Viral Pneumonia,14.02,294.33,151.213,83.54215196135023,0
798,Viral Pneumonia-1334,Viral Pneumonia,28.03,275.64,155.72933333333333,77.89874547271107,0
799,Viral Pneumonia-1338,Viral Pneumonia,23.36,266.3,142.96100000000004,77.61071435268029,0
800,images\COVID-20,Desconocida,0.0,270.97,122.87033333333333,81.23487787411403,0
801,images\COVID-29,Desconocida,18.69,280.31,140.624,82.60427864624609,0
802,images\COVID-33,Desconocida,0.0,252.28,143.42833333333334,80.11622312130186,0
803,images\COVID-36,Desconocida,23.36,256.95,126.763,74.4442956914766,0
804,images\COVID-56,Desconocida,18.69,247.61,129.56633333333332,72.24478290198924,0
805,images\COVID-57,Desconocida,14.02,280.31,140.15666666666667,88.51004987507854,0
806,images\COVID-76,Desconocida,42.05,266.3,147.00900000000001,73.43109597211979,0
807,images\COVID-146,Desconocida,23.36,228.92,126.296,67.21127988663807,0
808,images\COVID-152,Desconocida,9.34,266.3,128.63233333333335,75.8488704237285,0
809,images\COVID-157,Desconocida,18.69,270.97,137.82099999999997,75.53133549946892,0
810,images\COVID-184,Desconocida,0.0,261.62,125.51733333333331,80.59209129657548,0
811,images\COVID-200,Desconocida,42.05,242.94,136.26433333333335,66.03819039936076,0
812,images\COVID-209,Desconocida,28.03,261.62,138.13133333333334,72.98410455861072,0
813,images\COVID-211,Desconocida,28.03,266.3,145.45066666666668,72.69415235231939,0
814,images\COVID-316,Desconocida,32.7,275.64,148.87733333333333,75.3387456285867,0
815,images\COVID-320,Desconocida,4.67,280.31,137.04233333333335,89.5183469345189,0
816,images\COVID-336,Desconocida,23.36,270.97,137.97533333333334,70.61197333471303,0
817,images\COVID-347,Desconocida,9.34,294.33,152.76933333333332,95.4192040745584,0
818,images\COVID-429,Desconocida,23.36,261.62,144.82800000000003,77.55822653121116,0
819,images\COVID-437,Desconocida,32.7,280.31,146.851,72.88381047255969,0
820,images\COVID-468,Desconocida,32.7,266.3,147.16399999999996,75.12792976428054,0
821,images\COVID-472,Desconocida,28.03,275.64,149.18866666666665,80.0053251866538,0
822,images\COVID-491,Desconocida,28.03,247.61,133.61533333333335,65.30177285665545,0
823,images\COVID-528,Desconocida,0.0,247.61,129.25533333333334,76.36222389521028,0
824,images\COVID-588,Desconocida,14.02,280.31,145.45200000000003,85.7351619970865,0
825,images\COVID-594,Desconocida,14.02,280.31,146.69700000000003,80.59962254460832,0
826,images\COVID-706,Desconocida,18.69,289.66,143.42733333333334,83.57390756822504,0
827,images\COVID-721,Desconocida,32.7,270.97,138.28699999999998,71.11482818418861,0
828,images\COVID-723,Desconocida,23.36,275.64,148.09799999999998,72.9585167246886,0
829,images\COVID-736,Desconocida,4.67,275.64,132.05800000000002,82.60976969664867,0
830,images\COVID-783,Desconocida,32.7,238.27,132.52533333333332,67.88025661576584,0
831,images\COVID-809,Desconocida,4.67,238.27,121.62366666666667,74.43395723652537,0
832,images\COVID-892,Desconocida,4.67,294.33,133.772,80.89614092155448,0
833,images\COVID-929,Desconocida,42.05,284.98,161.9586666666667,75.94064000842296,0
834,images\COVID-949,Desconocida,9.34,294.33,139.68933333333334,86.70409574844523,0
835,images\COVID-953,Desconocida,37.38,284.98,155.10633333333334,74.24586410403987,0
836,images\COVID-1032,Desconocida,14.02,294.33,140.46866666666665,82.28172242295909,0
837,images\COVID-1054,Desconocida,4.67,280.31,135.79566666666668,90.62168429551261,0
838,images\COVID-1169,Desconocida,14.02,284.98,150.59000000000003,87.08239171420745,0
839,images\COVID-1177,Desconocida,14.02,270.97,128.78733333333335,77.85461810037704,0
840,images\COVID-1180,Desconocida,14.02,242.94,135.17333333333335,73.98549553046793,0
841,images\COVID-1182,Desconocida,18.69,252.28,118.19866666666668,72.27754772326529,0
842,images\COVID-1195,Desconocida,14.02,289.66,142.337,88.26917374901237,0
843,images\COVID-1205,Desconocida,28.03,275.64,145.139,79.38505221807608,0
844,images\COVID-1221,Desconocida,9.34,289.66,149.81033333333332,87.60108950933329,0
845,images\COVID-1234,Desconocida,23.36,294.33,159.778,81.80833854809667,0
846,images\COVID-1283,Desconocida,18.69,289.66,156.81933333333333,90.12839138079016,0
847,images\COVID-1371,Desconocida,0.0,275.64,120.84566666666667,79.65671119176895,0
848,images\COVID-1443,Desconocida,0.0,266.3,122.558,72.79442947552145,0
849,images\COVID-1458,Desconocida,18.69,289.66,139.68966666666665,83.53319793085595,0
850,images\COVID-1484,Desconocida,0.0,270.97,143.26966666666664,77.67326792332669,0
851,images\COVID-1497,Desconocida,14.02,294.33,150.43466666666666,91.76658076276401,0
852,images\COVID-1551,Desconocida,18.69,284.98,143.738,79.28074437928376,0
853,images\COVID-1564,Desconocida,23.36,256.95,133.92666666666668,70.71143836435202,0
854,images\COVID-1631,Desconocida,51.39,270.97,145.76166666666666,64.75093595634138,0
855,images\COVID-1645,Desconocida,51.39,233.59,138.5986666666667,57.04493881922294,0
856,images\COVID-1650,Desconocida,9.34,284.98,147.47500000000002,89.48048892542627,0
857,images\COVID-1664,Desconocida,28.03,280.31,149.34366666666668,79.49089648017704,0
858,images\COVID-1724,Desconocida,9.34,284.98,147.32000000000002,88.1294752811642,0
859,images\COVID-1725,Desconocida,18.69,261.62,147.16366666666667,76.96252627018482,0
860,images\COVID-1755,Desconocida,0.0,242.94,127.69666666666667,71.9156218695833,0
861,images\COVID-1759,Desconocida,28.03,252.28,142.02633333333333,74.9792479949545,0
862,images\COVID-1879,Desconocida,18.69,280.31,148.7216666666667,81.0712226824181,0
863,images\COVID-1906,Desconocida,37.38,261.62,147.788,70.36273167901693,0
864,images\COVID-1968,Desconocida,37.38,247.61,133.46033333333332,63.98525452442582,0
865,images\COVID-1986,Desconocida,60.73,275.64,164.60533333333333,67.77522992624634,0
866,images\COVID-2006,Desconocida,32.7,284.98,150.43466666666666,75.64357728775715,0
867,images\COVID-2043,Desconocida,14.02,252.28,129.25766666666667,73.33767738724453,0
868,images\COVID-2048,Desconocida,14.02,261.62,135.01833333333332,74.83953594561872,0
869,images\COVID-2090,Desconocida,4.67,280.31,154.32800000000003,81.10287144115182,0
870,images\COVID-2133,Desconocida,32.7,280.31,156.81833333333333,81.22161756918878,0
871,images\COVID-2153,Desconocida,0.0,294.33,152.614,91.86215258382167,0
872,images\COVID-2159,Desconocida,37.38,270.97,138.44333333333333,68.36962738591522,0
873,images\COVID-2165,Desconocida,37.38,256.95,142.64666666666665,71.48218399635597,0
874,images\COVID-2203,Desconocida,32.7,294.33,169.74466666666666,84.3995005409129,0
875,images\COVID-2207,Desconocida,42.05,256.95,153.70499999999996,70.89688750807989,0
876,images\COVID-2233,Desconocida,28.03,266.3,149.03300000000002,80.02726161127843,0
877,images\COVID-2364,Desconocida,51.39,256.95,155.1063333333333,63.73247081790847,0
878,images\COVID-2382,Desconocida,23.36,270.97,156.50933333333333,72.83458811733766,0
879,images\COVID-2399,Desconocida,32.7,256.95,129.0993333333333,68.24240694921467,0
880,images\COVID-2402,Desconocida,42.05,284.98,157.59800000000004,67.87250687379488,0
881,images\COVID-2461,Desconocida,23.36,252.28,139.689,68.36831363285188,0
882,images\COVID-2493,Desconocida,42.05,233.59,131.592,57.320923311940234,0
883,images\COVID-2494,Desconocida,32.7,252.28,132.05766666666668,66.19116414765813,0
884,images\COVID-2512,Desconocida,28.03,261.62,149.49966666666666,75.86904557562033,0
885,images\COVID-2518,Desconocida,9.34,233.59,127.23000000000003,63.21944616439892,0
886,images\COVID-2568,Desconocida,32.7,280.31,150.59066666666664,78.51557119167863,0
887,images\COVID-2570,Desconocida,18.69,289.66,154.95066666666665,89.62317434433774,0
888,images\COVID-2574,Desconocida,18.69,261.62,145.13866666666667,81.58036682655671,0
889,images\COVID-2626,Desconocida,32.7,284.98,146.07266666666666,80.28639676945419,0
890,images\COVID-2628,Desconocida,37.38,256.95,144.36266666666663,74.08802795473923,0
891,images\COVID-2686,Desconocida,32.7,266.3,137.66433333333333,72.01127164934358,0
892,images\COVID-2764,Desconocida,23.36,270.97,135.79633333333334,75.07996974263878,0
893,images\COVID-2782,Desconocida,51.39,266.3,148.72099999999998,58.30310279622061,0
894,images\COVID-2787,Desconocida,51.39,252.28,151.83566666666667,62.39760698848065,0
895,images\COVID-2788,Desconocida,18.69,270.97,149.81233333333333,75.19513413704965,0
896,images\COVID-2814,Desconocida,9.34,228.92,123.33800000000001,64.03116800433989,0
897,images\COVID-2833,Desconocida,37.38,294.33,172.08033333333333,86.58440323304322,0
898,images\COVID-2855,Desconocida,37.38,280.31,149.96666666666667,78.6418643104436,0
899,images\COVID-2888,Desconocida,51.39,280.31,159.77766666666668,68.35896330808093,0
900,images\COVID-2914,Desconocida,32.7,275.64,143.27033333333333,75.38299523028313,0
901,images\COVID-3047,Desconocida,9.34,266.3,143.89466666666667,79.38904570671083,0
902,images\COVID-3065,Desconocida,28.03,275.64,144.0496666666667,75.68969174567668,0
903,images\COVID-3077,Desconocida,23.36,247.61,142.96033333333335,69.93927830546215,0
904,images\COVID-3096,Desconocida,28.03,280.31,143.582,72.18480405182244,0
905,images\COVID-3124,Desconocida,0.0,242.94,126.29599999999999,75.7892451297236,0
906,images\COVID-3139,Desconocida,23.36,270.97,152.458,69.40530754920694,0
907,images\COVID-3160,Desconocida,23.36,252.28,130.96800000000002,67.27655715527264,0
908,images\COVID-3166,Desconocida,9.34,270.97,151.524,83.12485463044933,0
909,images\COVID-3182,Desconocida,32.7,242.94,135.173,64.56634077443138,0
910,images\COVID-3201,Desconocida,70.08,219.58,135.17366666666666,43.87448890363916,0
911,images\COVID-3206,Desconocida,28.03,280.31,150.279,77.24929330205337,0
912,images\COVID-3207,Desconocida,28.03,275.64,151.9916666666667,80.57409509610119,0
913,images\COVID-3214,Desconocida,46.72,247.61,152.76933333333332,61.92282287564811,0
914,images\COVID-3233,Desconocida,14.02,242.94,125.20699999999998,72.04738279539838,0
915,images\COVID-3236,Desconocida,23.36,270.97,153.08166666666665,71.14655766249146,0
916,images\COVID-3268,Desconocida,32.7,284.98,153.08200000000002,82.79228613021063,0
917,images\COVID-3356,Desconocida,9.34,242.94,118.821,67.9566971117147,0
918,images\COVID-3362,Desconocida,23.36,256.95,130.65666666666664,71.37829961238607,0
919,images\COVID-3396,Desconocida,51.39,233.59,146.54033333333336,57.28851150002843,0
920,images\COVID-3398,Desconocida,37.38,261.62,139.06566666666666,66.17580109996571,0
921,images\COVID-3443,Desconocida,14.02,233.59,123.33766666666666,67.5024264098871,0
922,images\COVID-3451,Desconocida,9.34,233.59,126.29566666666668,73.78481432215952,0
923,images\COVID-3545,Desconocida,18.69,266.3,128.94333333333333,70.30188173552366,0
924,images\Normal-6,Desconocida,14.02,284.98,150.435,86.6100890870496,0
925,images\Normal-9,Desconocida,28.03,256.95,132.05799999999996,66.67299950254726,0
926,images\Normal-67,Desconocida,28.03,266.3,143.89333333333335,74.64778823842599,0
927,images\Normal-74,Desconocida,28.03,261.62,145.91933333333336,71.77766435009958,0
928,images\Normal-170,Desconocida,37.38,252.28,149.49966666666668,70.24389290101232,0
929,images\Normal-317,Desconocida,28.03,266.3,151.83599999999998,77.42423249431236,0
930,images\Normal-361,Desconocida,23.36,280.31,152.92566666666667,79.43059744973736,0
931,images\Normal-369,Desconocida,42.05,266.3,156.66366666666667,73.14491905267394,0
932,images\Normal-418,Desconocida,23.36,266.3,153.8596666666667,75.90921118824924,0
933,images\Normal-424,Desconocida,18.69,270.97,154.17133333333334,78.66659260166006,0
934,images\Normal-429,Desconocida,28.03,261.62,146.22933333333336,78.12013530169772,0
935,images\Normal-472,Desconocida,37.38,256.95,147.321,70.14798012535121,0
936,images\Normal-477,Desconocida,37.38,270.97,156.197,70.46817495153398,0
937,images\Normal-479,Desconocida,42.05,256.95,154.326,70.98020031905611,0
938,images\Normal-509,Desconocida,37.38,289.66,157.5986666666667,85.49918770504328,0
939,images\Normal-540,Desconocida,28.03,280.31,154.01633333333336,78.34785104406005,0
940,images\Normal-557,Desconocida,37.38,261.62,152.30233333333334,70.15693739435577,0
941,images\Normal-611,Desconocida,23.36,270.97,146.38633333333337,83.42787066216076,0
942,images\Normal-634,Desconocida,23.36,247.61,143.738,70.4278864939166,0
943,images\Normal-732,Desconocida,23.36,275.64,151.21233333333333,76.19132692038438,0
944,images\Normal-778,Desconocida,37.38,270.97,159.15633333333332,74.68061767658028,0
945,images\Normal-867,Desconocida,28.03,261.62,151.52266666666668,75.34748405148568,0
946,images\Normal-895,Desconocida,32.7,270.97,148.09833333333333,75.16819190248552,0
947,images\Normal-939,Desconocida,46.72,266.3,154.48233333333332,72.57650348348899,0
948,images\Normal-964,Desconocida,28.03,266.3,147.78699999999998,73.863745285943,0
949,images\Normal-1016,Desconocida,28.03,266.3,143.42700000000002,77.54151091082333,0
950,images\Normal-1018,Desconocida,46.72,266.3,156.35066666666665,74.21957171947452,0
951,images\Normal-1032,Desconocida,18.69,275.64,154.17166666666668,81.55526372071613,0
952,images\Normal-1080,Desconocida,32.7,266.3,150.74566666666666,75.64858186303884,0
953,images\Normal-1103,Desconocida,46.72,294.33,162.58133333333336,80.25579579209356,0
954,images\Normal-1123,Desconocida,37.38,261.62,155.72833333333332,70.91741309830441,0
955,images\Normal-1128,Desconocida,32.7,270.97,152.92566666666667,80.75556900025876,0
956,images\Normal-1150,Desconocida,46.72,252.28,149.49966666666666,67.79897086157642,0
957,images\Normal-1194,Desconocida,37.38,270.97,144.05066666666664,76.68161987218464,0
958,images\Normal-1223,Desconocida,37.38,275.64,154.48333333333332,77.33261159145962,0
959,images\Normal-1261,Desconocida,46.72,261.62,156.1953333333333,71.6763260188157,0
960,images\Normal-1273,Desconocida,28.03,270.97,161.179,71.10552539946059,0
961,images\Normal-1397,Desconocida,46.72,275.64,151.52466666666663,72.3429413158065,0
962,images\Normal-1424,Desconocida,18.69,270.97,143.739,83.63128730126463,0
963,images\Normal-1512,Desconocida,28.03,275.64,143.11433333333332,76.61040654651444,0
964,images\Normal-1516,Desconocida,32.7,252.28,139.221,71.98628472841199,0
965,images\Normal-1607,Desconocida,14.02,284.98,147.47566666666668,89.33352001286465,0
966,images\Normal-1651,Desconocida,28.03,252.28,129.87800000000001,70.03033625508306,0
967,images\Normal-1689,Desconocida,23.36,270.97,146.07500000000002,83.78089765374128,0
968,images\Normal-1728,Desconocida,23.36,275.64,145.13966666666664,78.69437449116396,0
969,images\Normal-1842,Desconocida,32.7,261.62,140.62199999999999,75.25715737390033,0
970,images\Normal-1929,Desconocida,23.36,261.62,135.64033333333333,75.32652872586715,0
971,images\Normal-1934,Desconocida,9.34,261.62,133.14833333333334,76.30850140857324,0
972,images\Normal-2044,Desconocida,37.38,261.62,137.35333333333335,68.40181051859828,0
973,images\Normal-2052,Desconocida,32.7,294.33,157.75366666666665,85.96523907887938,0
974,images\Normal-2069,Desconocida,18.69,256.95,140.77966666666666,73.78656402007678,0
975,images\Normal-2102,Desconocida,32.7,252.28,136.57600000000002,70.63301690663745,0
976,images\Normal-2113,Desconocida,9.34,247.61,128.63066666666668,73.0547298461153,0
977,images\Normal-2114,Desconocida,18.69,238.27,129.09966666666668,72.2503788448353,0
978,images\Normal-2116,Desconocida,28.03,256.95,143.42666666666668,78.90874283345005,0
979,images\Normal-2194,Desconocida,14.02,256.95,145.296,80.08946870427681,0
980,images\Normal-2244,Desconocida,28.03,270.97,149.81133333333335,80.95435609993791,0
981,images\Normal-2309,Desconocida,4.67,294.33,143.27066666666667,89.94914081239959,0
982,images\Normal-2344,Desconocida,9.34,261.62,130.65566666666666,77.57337613225013,0
983,images\Normal-2381,Desconocida,18.69,256.95,138.75466666666668,78.52078038045441,0
984,images\Normal-2416,Desconocida,32.7,275.64,154.79399999999998,80.63769121198845,0
985,images\Normal-2451,Desconocida,65.41,228.92,143.27100000000002,51.309705927176516,0
986,images\Normal-2517,Desconocida,37.38,261.62,150.123,76.23970414204574,0
987,images\Normal-2548,Desconocida,23.36,261.62,134.08266666666665,74.30148670263753,0
988,images\Normal-2562,Desconocida,28.03,280.31,151.52433333333335,78.76452719692766,0
989,images\Normal-2587,Desconocida,28.03,275.64,139.689,76.45631660628177,0
990,images\Normal-2610,Desconocida,18.69,252.28,130.65633333333335,70.67175548422597,0
991,images\Normal-2812,Desconocida,37.38,252.28,126.45300000000002,66.23377658717642,0
992,images\Normal-2845,Desconocida,0.0,228.92,106.98633333333333,70.62924288061488,0
993,images\Normal-2956,Desconocida,46.72,256.95,150.74599999999998,71.14890486859231,0
994,images\Normal-3029,Desconocida,46.72,280.31,160.71233333333333,74.3264906872973,0
995,images\Normal-3064,Desconocida,14.02,261.62,133.14766666666665,74.94951214799349,0
996,images\Normal-3124,Desconocida,42.05,247.61,146.23099999999997,71.26353978250964,0
997,images\Normal-3194,Desconocida,23.36,284.98,148.098,84.80983195361256,0
998,images\Normal-3305,Desconocida,28.03,256.95,142.80566666666667,76.40220030353981,0
